Title,Type,CriticScore,ReleaseYear,Director,ReleaseDate,Genre,Cast,Rating,Runtime,Summary,NumOfCriticReviews
The Godfather,Movie,Bad,1972,Francis Ford Coppola,"March 24, 1972",Crime,"['Al Pacino', 'Marlon Brando']",R,175 min,"Francis Ford Coppola's epic features Marlon Brando in his Oscar-winning role as the patriarch of the Corleone family. Director Coppola paints a chilling portrait of the Sicilian clan's rise and near fall from power in America, masterfully balancing the story between the Corleone's family life and the ugly crime business in which they are engaged. Based on Mario Puzo's best-selling novel and featuring career-making performances by Al Pacino, James Caan and Robert Duvall, this searing and brilliant film garnered ten Academy Award nominations, and won three including Best Picture of 1972. [Paramount Pictures]",16
The Shawshank Redemption,Movie,Good,1994,Frank Darabont,"September 1, 1994",Crime,"['Morgan Freeman', 'Tim Robbins']",R,142 min,"Wrongly convicted, Andy Dufresne (Tim Robbins) is sentenced to two consecutive life terms in in Maine's Shawshank prison for the murders of his wife and her lover.  Set in the 1940's, the film shows how Andy learns to get by in the brutal confines of prison, even earning the respect of his fellow inmates, most notably the longtime convict ""Red"" Redding (Morgan Freeman).",21
The Dark Knight,Movie,Good,2008,Christopher Nolan,"July 18, 2008",Crime,"['Aaron Eckhart', 'Christian Bale', 'Heath Ledger']",PG-13,152 min,"Batman raises the stakes in his war on crime. With the help of Lieutenant Jim Gordon and District Attorney Harvey Dent Batman sets out to dismantle the remaining criminal organizations that plague the city streets. The partnership proves to be effective, but they soon find themselves prey to reign of chaos unleashed by a rising criminal mastermind known to the terrified citizens of Gotham as the Joker. (Warner Bros.)",39
The Lord of the Rings: The Fellowship of the Ring,Movie,Excellent,2001,Peter Jackson,"December 19, 2001",Fantasy,"['Andy Serkis', 'Elijah Wood']",PG-13,178 min,,34
Pulp Fiction,Movie,Excellent,1994,Quentin Tarantino,"October 14, 1994",Crime,"['Bruce Willis', 'John Travolta', 'Samuel L. Jackson']",R,154 min,,24
Star Wars: Episode IV - A New Hope,Movie,Excellent,1977,George Lucas,"May 25, 1977",Fantasy,"['Carrie Fisher', 'Harrison Ford', 'Mark Hamill']",PG,121 min,"A long time ago in a galaxy far, far away... Princess Leia (Carrie Fisher) is held hostage by the evil Imperial forces in their effort to quell the rebellion against the Galactic Empire. Luke Skywalker (Mark Hamill) and Captain Han Solo (Harrison Ford) team together with the lovable droid duo, R2-D2 and C-3PO, to rescue the beautiful princess and restore justice in the galaxy. [20th Century Fox]",24
Forrest Gump,Movie,Good,1994,Robert Zemeckis,"July 6, 1994",Romance,"['Gary Sinise', 'Robin Wright', 'Sally Field', 'Tom Hanks']",PG-13,142 min,,20
Inception,Movie,Good,2010,Christopher Nolan,"July 16, 2010",Thriller,"['Elliot Page', 'Joseph Gordon-Levitt', 'Ken Watanabe', 'Leonardo DiCaprio']",PG-13,148 min,"Dom Cobb is a skilled thief, the absolute best in the dangerous art of extraction, stealing valuable secrets from deep within the subconscious during the dream state, when the mind is at its most vulnerable. Cobb's rare ability has made him a coveted player in this treacherous new world of corporate espionage, but it has also made him an international fugitive and cost him everything he has ever loved. Now Cobb is being offered a chance at redemption. One last job could give him his life back but only if he can accomplish the impossible—inception. Instead of the perfect heist, Cobb and his team of specialists have to pull off the reverse: their task is not to steal an idea but to plant one. If they succeed, it could be the perfect crime. But no amount of careful planning or expertise can prepare the team for the dangerous enemy that seems to predict their every move. An enemy that only Cobb could have seen coming. This summer, your mind is the scene of the crime. [Warner Bros. Pictures]",42
The Lord of the Rings: The Return of the King,Movie,Excellent,2003,Peter Jackson,"December 17, 2003",Fantasy,"['Andy Serkis', 'Orlando Bloom']",PG-13,201 min,"Sauron's forces have laid siege to Minas Tirith, the capital of Gondor, in their efforts to eliminate the race of men.  The once-great kingdom, watched over by a fading steward, has never been in more desperate need of its king. But can Aragorn (Viggo Mortensen) answer the call of his heritage and become what he was born to be?  In no small measure, the fate of Middle-earth rests on his broad shoulders.  [New Line Cinema]",41
The Matrix,Movie,Good,1999,Andy Wachowski/Lana Wachowski,"March 31, 1999",Thriller,"['Carrie-Anne Moss', 'Keanu Reeves', 'Laurence Fishburne']",R,136 min,,35
Titanic,Movie,Good,1997,James Cameron,"December 19, 1997",Romance,"['Kate Winslet', 'Leonardo DiCaprio']",PG-13,194 min,,35
The Silence of the Lambs,Movie,Good,1991,Jonathan Demme,"February 13, 1991",Crime,"['Anthony Hopkins', 'Jodie Foster']",R,118 min,,20
The Lion King,Movie,Good,1994,Rob Minkoff/Roger Allers,"June 15, 1994",Musical,"['James Earl Jones', 'Jeremy Irons', 'Matthew Broderick', 'Whoopi Goldberg']",G,89 min,,30
Goodfellas,Movie,Excellent,1990,Martin Scorsese,"September 1, 1990",Crime,"['Joe Pesci', 'Lorraine Bracco', 'Paul Sorvino', 'Ray Liotta', 'Robert De Niro']",R,146 min,,21
Fight Club,Movie,Mediocre,1999,David Fincher,"October 15, 1999",Crime,"['Brad Pitt', 'Edward Norton']",TV-MA,139 min,,35
The Departed,Movie,Good,2006,Martin Scorsese,"October 6, 2006",Crime,"['Jack Nicholson', 'Leonardo DiCaprio', 'Matt Damon']",R,151 min,"This gritty crime drama from director Martin Scorsese takes us into the lives of two cops: Colin Sullivan (Matt Damon), smart and unabashedly ambitious, appears to be on the fast track in the Massachusetts State Police Department's elite Special Investigations Unit, whose prime target is powerful Irish mob boss Frank Costello (Jack Nicholson). Billy Costigan (Leonardo DiCaprio), street-smart and tough, is purported to have a violent temper that costs him his badge and eventually lands him back on the rough streets of South Boston, where he is recruited into Costello's ranks. But neither man is what he seems and, as they work at cross purposes, they are plunged into a dangerous game of cat and mouse in which the stakes could not be higher.  [Warner Bros.]",39
The Avengers,Movie,Mediocre,2012,Joss Whedon,"May 4, 2012",Thriller,"['Chris Evans', 'Jeremy Renner', 'Robert Downey Jr.', 'Scarlett Johansson']",PG-13,143 min,"Continuing the epic big-screen adventures started in Iron Man, The Incredible Hulk, Iron Man 2, Thor and Captain America: The First Avenger, Marvel's The Avengers is the superhero team up of a lifetime. When an unexpected enemy emerges that threatens global safety and security, Nick Fury, Director of the international peacekeeping agency known as SHIELD, finds himself in need of a team to pull the world back from the brink of disaster. Spanning the globe, a daring recruitment effort begins. (Walt Disney Studios Motion Pictures)",43
Schindler's List,Movie,Excellent,1993,Steven Spielberg,"December 15, 1993",War,"['Liam Neeson', 'Ralph Fiennes']",R,195 min,,30
The Lord of the Rings: The Two Towers,Movie,Good,2002,Peter Jackson,"December 18, 2002",Fantasy,['Andy Serkis'],PG-13,179 min,,39
The Terminator,Movie,Good,1984,James Cameron,"October 26, 1984",Thriller,"['Arnold Schwarzenegger', 'Linda Hamilton', 'Michael Biehn']",R,107 min,,21
The Green Mile,Movie,Mediocre,1999,Frank Darabont,"December 10, 1999",Crime,"['Michael Clarke Duncan', 'Tom Hanks']",R,189 min,,36
The Prestige,Movie,Mediocre,2006,Christopher Nolan,"October 20, 2006",Thriller,"['Christian Bale', 'Hugh Jackman', 'Scarlett Johansson']",PG-13,130 min,,36
Gladiator,Movie,Mediocre,2000,Ridley Scott,"May 5, 2000",History,"['Connie Nielsen', 'Joaquin Phoenix', 'Russell Crowe']",R,155 min,"Before Maximus (Crowe), the heroic Roman General, can honor the wishes of his dying emperor Marcus Aurelius (Harris) by assuming the emperor's role, the emperor's cruel and corrupt son Commodus (Phoenix) orders the execution of Maximus and his family.  Escaping death, Maximus assumes the life of an anonymous gladiator, fighting his way back to the Roman Colosseum where he seeks revenge and a return to justice for Rome.",46
The Usual Suspects,Movie,Good,1995,Bryan Singer,"August 16, 1995",Crime,"['Chazz Palminteri', 'Gabriel Byrne', 'Kevin Spacey']",R,106 min,,22
The Godfather: Part II,Movie,Excellent,1974,Francis Ford Coppola,"December 12, 1974",Crime,"['Al Pacino', 'Diane Keaton', 'Robert De Niro', 'Robert Duvall']",R,200 min,,18
Saving Private Ryan,Movie,Excellent,1998,Steven Spielberg,"July 24, 1998",War,"['Matt Damon', 'Tom Hanks']",TV-MA,169 min,,38
Seven,Movie,Mediocre,1995,David Fincher,"September 22, 1995",Crime,"['Brad Pitt', 'Morgan Freeman']",R,127 min,,22
The Shining,Movie,Mediocre,1980,Stanley Kubrick,"May 23, 1980",Horror,"['Jack Nicholson', 'Shelley Duvall']",R,146 min,,26
A Clockwork Orange,Movie,Good,1971,Stanley Kubrick,"December 20, 1971",Crime,"['Malcolm McDowell', 'Patrick Magee']",X,136 min,"Kubrick makes of Anthony Burgess' celebrated novel a savage and satiric morality play centering on Alex (McDowell), who fights, robs, rapes and kills like any concsienceless predator. Captured and imprisoned, he undergoes treatment to condition him ""safe"", a ""clockwork orange"" healthy and whole on the outside - but crippled within by reflex mechanisms beyond his control. (Warner Bros.)",22
The Social Network,Movie,Excellent,2010,David Fincher,"October 1, 2010",Comedy,"['Andrew Garfield', 'Jesse Eisenberg', 'Justin Timberlake']",PG-13,120 min,"On a fall night in 2003, Harvard undergrad and computer programming genius Mark Zuckerberg (Jesse Eisenberg) sits down at his computer and heatedly begins working on a new idea. In a fury of blogging and programming, what begins in his dorm room soon becomes a global social network and a revolution in communication. A mere six years and 500 million friends later, Mark Zuckerberg is the youngest billionaire in history... but for this entrepreneur, success leads to both personal and legal complications. [Columbia Pictures]",42
Jurassic Park,Movie,Mediocre,1993,Steven Spielberg,"June 11, 1993",Thriller,"['Jeff Goldblum', 'Laura Dern', 'Richard Attenborough', 'Sam Neill']",PG-13,127 min,,20
Back to the Future,Movie,Good,1985,Robert Zemeckis,"July 3, 1985",Comedy,"['Christopher Lloyd', 'Michael J. Fox']",PG,116 min,,26
The Exorcist,Movie,Good,1973,William Friedkin,"December 26, 1973",Horror,"['Ellen Burstyn', 'Linda Blair', 'Max von Sydow']",R,122 min,,21
Alien,Movie,Good,1979,Ridley Scott,"June 22, 1979",Horror,"['John Hurt', 'Sigourney Weaver', 'Tom Skerritt']",R,117 min,,34
Jaws,Movie,Good,1975,Steven Spielberg,"June 20, 1975",Horror,"['Richard Dreyfuss', 'Robert Shaw', 'Robert Shaw', 'Roy Scheider']",PG,124 min,,21
Die Hard,Movie,Good,1988,John McTiernan,"July 15, 1988",Crime,"['Alan Rickman', 'Bruce Willis']",R,131 min,,14
Blade Runner,Movie,Good,1982,Ridley Scott,"June 25, 1982",Thriller,"['Harrison Ford', 'Rutger Hauer', 'Sean Young']",R,117 min,,15
A Few Good Men,Movie,Mediocre,1992,Rob Reiner,"December 11, 1992",Crime,"['Demi Moore', 'Jack Nicholson', 'Tom Cruise']",R,138 min,,21
The Sixth Sense,Movie,Mediocre,1999,M. Night Shyamalan,"August 6, 1999",Thriller,"['Bruce Willis', 'Haley Joel Osment']",PG-13,107 min,"In this chilling, psychological thriller, 8-year-old Cole Sear (Osment) is haunted by a dark secret: he is visited by ghosts. Confused by his paranormal powers, Cole is too young to understand his purpose and too afraid to tell anyone about his anguish, except child psychologist Dr. Malcolm Crowe (Willis). As Dr. Crowe tries to uncover the ominous truth about Cole's supernatural abilities, the consequences for client and therapist are a jolt that awakens them both to something harrowing...and unexplainable. (Hollywood Pictures)",35
Rocky,Movie,Good,1976,John G. Avildsen,"December 3, 1976",Sport,"['Sylvester Stallone', 'Talia Shire']",PG,120 min,,14
The Princess Bride,Movie,Good,1987,Rob Reiner,"September 25, 1987",Family,"['Cary Elwes', 'Mandy Patinkin', 'Robin Wright']",PG,98 min,,20
Terminator 2: Judgment Day,Movie,Good,1991,James Cameron,"July 3, 1991",Thriller,"['Arnold Schwarzenegger', 'Linda Hamilton']",TV-14,137 min,"In a future, war-ravaged Los Angeles in which the machines have taken over the earth, a faction of human rebels led by an adult John Connor do battle with the cyborgs. Two ""intelligent machines"" have been dispatched to the past, one -- a replica of the Terminator model T-800 which dominated the original film -- to protect the young Connor, the other -- a shape-shifting metallic T-1000 -- to kill him.",22
The Big Lebowski,Movie,Good,1998,Ethan Coen/Joel Coen,"March 6, 1998",Crime,"['David Huddleston', 'Jeff Bridges', 'John Goodman', 'Julianne Moore', 'Mark Pellegrino', 'Peter Stormare', 'Philip Moon', 'Philip Seymour Hoffman', 'Steve Buscemi', 'Tara Reid']",R,117 min,"'The Dude', Jeff Lebowski is unemployed and as laid-back as they come. That is until he becomes a victim of mistaken identity, and two thugs break into his apartment with the errant belief that they're strong-arming Jeff Lebowski - the Pasadena millionaire. In the hope of getting a replacement for his soiled carpet, 'the Dude' pays a visit to his wealthy namesake...",46
Toy Story,Movie,Excellent,1995,John Lasseter,"November 22, 1995",Family,"['Tim Allen', 'Tom Hanks']",TV-G,81 min,,26
The Truman Show,Movie,Excellent,1998,Peter Weir,"June 5, 1998",Drama,['Jim Carrey'],PG,103 min,,30
Shutter Island,Movie,Mediocre,2010,Martin Scorsese,"February 19, 2010",Thriller,"['Emily Mortimer', 'Leonardo DiCaprio', 'Mark Ruffalo']",R,138 min,,37
The Dark Knight Rises,Movie,Good,2012,Christopher Nolan,"July 20, 2012",Crime,"['Anne Hathaway', 'Christian Bale', 'Gary Oldman', 'Joseph Gordon-Levitt', 'Marion Cotillard', 'Michael Caine', 'Morgan Freeman', 'Tom Hardy']",PG-13,165 min,"It has been eight years since Batman vanished into the night, turning, in that instant, from hero to fugitive. Assuming the blame for the death of D.A. Harvey Dent, the Dark Knight sacrificed everything for what he and Commissioner Gordon both hoped was the greater good. For a time the lie worked, as criminal activity in Gotham City was crushed under the weight of the anti-crime Dent Act. But everything will change with the arrival of a cunning cat burglar with a mysterious agenda. Far more dangerous, however, is the emergence of Bane, a masked terrorist whose ruthless plans for Gotham drive Bruce out of his self-imposed exile. But even if he dons the cape and cowl again, Batman may be no match for Bane. (Warner Bros. Pictures)",45
American Beauty,Movie,Good,1999,Sam Mendes,"September 15, 1999",Drama,"['Annette Bening', 'Kevin Spacey']",R,122 min,"Provoked by forbidden passions, Lester Burnham (Spacey) decides to make a few changes in his rut of a life, changes that are less midlife crisis than adolescence reborn. The freer he gets, the happier he gets, which is even more maddening to his wife, Carolyn (Bening), and daughter Jane (Birch) --especially when he turns his lustful gaze toward Jane's friend, the sultry Angela (Suvari).  (Dreamworks SKG)",34
Braveheart,Movie,Mediocre,1995,Mel Gibson,"May 24, 1995",War,"['Mel Gibson', 'Sophie Marceau']",R,177 min,,20
Inglourious Basterds,Movie,Mediocre,2009,Eli Roth/Quentin Tarantino,"August 21, 2009",War,"['Brad Pitt', 'Diane Kruger', 'Eli Roth']",R,153 min,"In the first year of the German occupation of France, Shosanna Dreyfus witnesses the execution of her family at the hand of Nazi Colonel Hans Landa. Shosanna narrowly escapes and flees to Paris where she forges a new identity as the owner and operator of a cinema. Elsewhere in Europe, lieutenant Aldo Raine organizes a group of Jewish American soldiers to perform swift, shocking acts of retribution. Later known to their enemy as ""the basterds,"" Raine's squad joins German actress and undercover agent Bridget von Hammersmark on a mission to take down the leaders of the Third Reich. Fates converge under a cinema marquis, where Shosanna is poised to carry out a revenge plan of her own. [The Weinstein Company]",36
Avatar,Movie,Good,2009,James Cameron,"December 18, 2009",Fantasy,"['Michelle Rodriguez', 'Sam Worthington', 'Sigourney Weaver']",PG-13,162 min,"Jake Sully is a former Marine confined to a wheelchair. But despite his broken body, Jake is still a warrior at heart. He is recruited to travel light years to the human outpost on Pandora, where a corporate consortium is mining a rare mineral that is the key to solving Earth's energy crisis. Because Pandora's atmosphere is toxic, they have created the Avatar Program, in which human ""drivers"" have their consciousness linked to an avatar, a remotely-controlled biological body that can survive in the lethal air. These avatars are genetically engineered hybrids of human DNA mixed with DNA from the natives of Pandora... the Na'vi. Reborn in his avatar form, Jake can walk again. He is given a mission to infiltrate the Na'vi, who have become a major obstacle to mining the precious ore. But a beautiful Na'vi female, Neytiri, saves Jake's life, and this changes everything. Jake is taken in by her clan, and learns to become one of them, which involves many tests and adventures. As Jake's relationship with his reluctant teacher Neytiri deepens, he learns to respect the Na'vi way and finally takes his place among them. Soon he will face the ultimate test as he leads them in an epic battle that will decide the fate of an entire world.  (20th Century Fox)",38
Interstellar,Movie,Good,2014,Christopher Nolan,"November 5, 2014",Mystery,"['Anne Hathaway', 'Bill Irwin', 'Ellen Burstyn', 'Jessica Chastain', 'Mackenzie Foy', 'Matthew McConaughey', 'Michael Caine']",PG-13,169 min,,46
Full Metal Jacket,Movie,Good,1987,Stanley Kubrick,"June 26, 1987",War,"['Matthew Modine', 'R. Lee Ermey', ""Vincent D'Onofrio""]",R,116 min,,19
A Beautiful Mind,Movie,Good,2001,Ron Howard,"December 21, 2001",Drama,"['Ed Harris', 'Russell Crowe']",PG-13,135 min,,33
Scarface,Movie,Mediocre,1983,Brian De Palma,"December 9, 1983",Crime,"['Al Pacino', 'Michelle Pfeiffer']",X,170 min,,9
Donnie Darko,Movie,Good,2001,Richard Kelly,"October 26, 2001",Mystery,"['Jake Gyllenhaal', 'Mary McDonnell']",R,113 min,,21
Reservoir Dogs,Movie,Good,1992,Quentin Tarantino,"October 1, 1992",Crime,"['Harvey Keitel', 'Michael Madsen', 'Tim Roth']",TV-MA,99 min,,24
The Matrix Reloaded,Movie,Mediocre,2003,Lana Wachowski/Lilly Wachowski,"May 15, 2003",Thriller,[],R,138 min,,40
The Sting,Movie,Good,1973,George Roy Hill,"December 25, 1973",Crime,"['Paul Newman', 'Robert Redford']",TV-14,129 min,,17
Platoon,Movie,Excellent,1986,Oliver Stone,"December 19, 1986",War,"['Forest Whitaker', 'Francesco Quinn', 'John C. McGinley', 'Keith David', 'Kevin Dillon', 'Mark Moses', 'Reggie Johnson', 'Tom Berenger', 'Willem Dafoe']",R,120 min,,16
The Last Emperor,Movie,Good,1987,Bernardo Bertolucci,"December 18, 1987",History,"['Joan Chen', 'John Lone', ""Peter O'Toole""]",TV-14,163 min,,15
The Color Purple,Movie,Good,1985,Steven Spielberg,"December 18, 1985",Drama,"['Danny Glover', 'Oprah Winfrey', 'Whoopi Goldberg']",PG-13,154 min,,7
Top Gun,Movie,Mediocre,1986,Tony Scott,"May 16, 1986",Romance,"['Anthony Edwards', 'Barry Tubb', 'John Stockwell', 'Kelly McGillis', 'Michael Ironside', 'Rick Rossovich', 'Tim Robbins', 'Tom Cruise', 'Tom Skerritt', 'Val Kilmer']",PG,110 min,,15
The Breakfast Club,Movie,Mediocre,1985,John Hughes,"February 15, 1985",Drama,"['Ally Sheedy', 'Emilio Estevez', 'Judd Nelson', 'Molly Ringwald']",R,97 min,"We accept the fact that we had to sacrifice a whole Saturday in detention for whatever it was that we did wrong. What we did WAS wrong. But we think you're crazy to make us write this essay telling you who we think we are. What do you care? You see us as you want to see us...in the simplest terms and the most convenient definitions. You see us as a brain, an athlete, a basket case, a princess and a criminal. Correct? That's the way we saw each other at seven o'clock this morning... - The Breakfast Club",25
Raiders of the Lost Ark,Movie,Good,1981,Steven Spielberg,"June 12, 1981",Adventure,"['Harrison Ford', 'John Rhys-Davies', 'Karen Allen', 'Paul Freeman']",PG,115 min,,16
The Princess Diaries,Movie,Mediocre,2001,Garry Marshall,"August 3, 2001",Family,"['Anne Hathaway', 'Julie Andrews']",G,115 min,"Shy teenager Mia Thermopolis (Hathaway) is thrown for a loop when, from out of the blue, she learns the astonishing news that she's a real-life princess!  As the heir apparent to the crown of the small European principality of Genovia, Mia begins a comical journey towards the throne when her strict and formidable grandmother, Queen Clarisse Renaldi (Andrews), shows up to give her ""princess lessons.""  (Walt Disney Pictures)",27
The Hunger Games,Movie,Mediocre,2012,Gary Ross,"March 23, 2012",Thriller,"['Jennifer Lawrence', 'Josh Hutcherson', 'Liam Hemsworth']",PG-13,142 min,"Every year in the ruins of what was once North America, the evil Capitol of the nation of Panem forces each of its twelve districts to send a teenage boy and girl to compete in the Hunger Games. A twisted punishment for a past uprising and an ongoing government intimidation tactic, The Hunger Games are a nationally televised event in which ""Tributes"" must fight with one another until one survivor remains. Pitted against highly-trained Tributes who have prepared for these Games their entire lives, Katniss is forced to rely upon her sharp instincts as well as the mentorship of drunken former victor Haymitch Abernathy. If she's ever to return home to District 12, Katniss must make impossible choices in the arena that weigh survival against humanity and life against love. [Lionsgate]",49
Mean Girls,Movie,Mediocre,2004,Mark Waters,"April 30, 2004",Comedy,"['Jonathan Bennett', 'Lindsay Lohan', 'Rachel McAdams']",PG-13,97 min,"Raised in the African bush country by her zoologist parents, Cady Heron (Lindsay Lohan) thinks she knows about ""survival of the fittest.""  But the law of the jungle takes on a whole new meaning when the home-schooled 15-year-old enters public high school for the first time and falls prey to the psychological warfare and unwritten social rules that teenage girls face today. [Paramount Pictures]",39
The Notebook,Movie,Mediocre,2004,Nick Cassavetes,"June 25, 2004",Romance,"['Gena Rowlands', 'James Garner', 'Joan Allen', 'Rachel McAdams', 'Ryan Gosling']",PG-13,123 min,,34
The Fault in Our Stars,Movie,Mediocre,2014,Josh Boone,"June 6, 2014",Romance,"['Ana Dela Cruz', 'Ansel Elgort', 'Laura Dern', 'Lotte Verbeek', 'Nat Wolff', 'Randy Kovitz', 'Sam Trammell', 'Shailene Woodley', 'Willem Dafoe']",PG-13,126 min,,45
The Twilight Saga: Eclipse,Movie,Mediocre,2010,David Slade,"June 30, 2010",Romance,"['Kristen Stewart', 'Robert Pattinson', 'Taylor Lautner']",PG-13,124 min,"In Eclipse, Bella once again finds herself surrounded by danger as Seattle is ravaged by a string of mysterious killings and a malicious vampire continues her quest for revenge. In the midst of it all, she is forced to choose between her love for Edward and her friendship with Jacob — knowing that her decision has the potential to ignite the ageless struggle between vampire and werewolf. With her graduation quickly approaching, Bella is confronted with the most important decision of her life. (Summit Entertainment)",38
Mary Poppins,Movie,Good,1964,Robert Stevenson,"August 27, 1964",Musical,"['Dick Van Dyke', 'Julie Andrews']",G,139 min,,13
The Sound of Music,Movie,Mediocre,1965,Robert Wise,"March 2, 1965",Musical,"['Angela Cartwright', 'Charmian Carr', 'Christopher Plummer', 'Duane Chase', 'Eleanor Parker', 'Heather Menzies-Urich', 'Julie Andrews', 'Nicholas Hammond', 'Peggy Wood', 'Richard Haydn']",Approved,172 min,,11
The Wizard of Oz,Movie,Excellent,1939,George Cukor/King Vidor/Mervyn LeRoy/Norman Taurog/Victor Fleming,"August 25, 1939",Musical,"['Bert Lahr', 'Billie Burke', 'Frank Morgan', 'Jack Haley', 'Judy Garland', 'Ray Bolger']",PG,102 min,,30
Singin' in the Rain,Movie,Excellent,1952,Gene Kelly/Stanley Donen,"April 11, 1952",Musical,"['Cyd Charisse', 'Dawn Addams', 'Debbie Reynolds', ""Donald O'Connor"", 'Douglas Fowley', 'Gene Kelly', 'Jean Hagen', 'John Albright', 'Millard Mitchell', 'Rita Moreno']",G,103 min,,17
The Bridge on the River Kwai,Movie,Good,1957,David Lean,"December 14, 1957",War,"['Alec Guinness', 'André Morell', 'Geoffrey Horne', 'Jack Hawkins', 'James Donald', 'John Boxer', 'Percy Herbert', 'Peter Williams', 'Sessue Hayakawa', 'William Holden']",TV-PG,161 min,,15
The Graduate,Movie,Good,1967,Mike Nichols,"December 21, 1967",Romance,"['Anne Bancroft', 'Dustin Hoffman']",PG,105 min,"Shy Benjamin Braddock (Dustin Hoffman) returns home from college with an uncertain future. Then the wife of his father's business partner, the sexy Mrs. Robinson (Anne Bancroft), seduces him, and the affair only deepens his confusion. That is, until he meets the girl of his dreams (Katharine Ross). But there's one problem: she's Mrs. Robinson's daughter. [MGM]",19
The Godfather: Part III,Movie,Mediocre,1990,Francis Ford Coppola,"December 25, 1990",Crime,"['Al Pacino', 'Andy Garcia', 'Diane Keaton']",R,162 min,"In this third film in the epic Corleone trilogy, Al Pacino reprises the role of powerful family leader Michael Corleone. Now in his 60's, Michael is dominated by two passions: freeing his family from crime and finding a suitable successor. That successor could be fiery Vincent (Garcia)... but he may also be the spark that turns Michael's hope of business legitimacy into an inferno of mob violence. [Paramount Pictures]",19
Ferris Bueller's Day Off,Movie,Mediocre,1986,John Hughes,"June 11, 1986",Comedy,"['Alan Ruck', 'Matthew Broderick', 'Mia Sara']",PG-13,103 min,"Ferris Bueller. Larger than life. Blessed with a magical sense of serendipity. He's a model for all those who take themselves too seriously. A guy who knows the value of a day off. Ferris Bueller's Day Off chronicles the events in the day of a rather magical young man, Ferris (Broderick). One spring day, toward the end of his senior year, Ferris gives into an overwhelming urge to cut school and head for downtown Chicago with his girl (Sara) and his best friend (Ruck), to see the sights, experience a day of freedom and show that with a little ingenuity, a bit of courage and a red Ferrari, life at 17 can be a joy! (Paramount)",13
Pretty Woman,Movie,Mediocre,1990,Garry Marshall,"March 23, 1990",Romance,"['Julia Roberts', 'Richard Gere']",R,119 min,,18
Little Miss Sunshine,Movie,Good,2006,Jonathan Dayton/Valerie Faris,"July 26, 2006",Comedy,"['Greg Kinnear', 'Steve Carell', 'Toni Collette']",R,101 min,"Little Miss Sunshine is an American family road comedy that shatters the mold. Brazenly satirical and yet deeply human, the film introduces audiences to one of the most endearingly fractured families in recent cinema history: the Hoovers, whose trip to a pre-pubescent beauty pageant results not only in comic mayhem but in death, transformation and a moving look at the surprising rewards of being losers in a winning-crazed culture.  (Fox Searchlight Pictures)",36
Juno,Movie,Good,2007,Jason Reitman,"December 5, 2007",Comedy,"['Elliot Page', 'Jennifer Garner', 'Michael Cera']",PG-13,96 min,"Juno, a whip-smart teen, confronts an unplanned pregnancy by her classmate Bleeker. With the help of her hot best friend, Leah, Juno finds her unborn child a ""perfect"" set of parents: an affluent suburban couple, Mark and Vanessa, longing to adopt. Luckily, Juno has the total support of her parents as she faces some tough decisions, flirts with adulthood, and ultimately figures out where she belongs.",38
Moonlight,Movie,Excellent,2016,Barry Jenkins,"October 21, 2016",Drama,"['Alex R. Hibbert', 'Ashton Sanders', 'Duan Sanderson', ""Herman 'Caheei McGloun"", 'Jaden Piner', 'Janelle Monáe', 'Mahershala Ali', 'Naomie Harris', 'Shariff Earp']",Not Rated,111 min,,53
Blue Valentine,Movie,Good,2010,Derek Cianfrance,"December 29, 2010",Romance,"['John Doman', 'Michelle Williams', 'Ryan Gosling']",NC-17,120 min,,42
The Florida Project,Movie,Excellent,2017,Sean Baker,"October 6, 2017",Drama,"['Aiden Malik', 'Bria Vinaite', 'Brooklynn Prince', 'Caleb Landry Jones', 'Christopher Rivera', 'Edward Pagan', 'Jasineia Ramos', 'Jason Blackwater', 'Josie Olivo', 'Karren Karagulian', 'Macon Blair', 'Patti Wiley', 'Sandy Kane', 'Valeria Cotto', 'Willem Dafoe']",Not Rated,111 min,"Six-year-old Moonee (Brooklynn Prince) and her rebellious mother Halley (Bria Vinaite) live week to week at “The Magic Castle,” a budget motel managed by Bobby (Willem Dafoe), whose stern exterior hides a deep reservoir of kindness and compassion.  Despite her harsh surroundings, the precocious and ebullient Moonee has no trouble making each day a celebration of life, her endless afternoons overflowing with mischief and grand adventure as she and her ragtag playmates—including Jancey, a new arrival to the area who quickly becomes Moonee’s best friend—fearlessly explore the utterly unique world into which they’ve been thrown. Unbeknownst to Moonee, however, her delicate fantasy is supported by the toil and sacrifice of Halley, who is forced to explore increasingly dangerous possibilities in order to provide for her daughter.",44
Manchester by the Sea,Movie,Excellent,2016,Kenneth Lonergan,"November 18, 2016",Drama,"['Casey Affleck', 'Kyle Chandler', 'Lucas Hedges', 'Michelle Williams']",R,137 min,"After the death of his older brother Joe (Kyle Chandler), Lee Chandler (Casey Affleck) is shocked to learn that Joe has made him sole guardian of his nephew Patrick (Lucas Hedges). Taking leave of his job, Lee reluctantly returns to Manchester-by-the-Sea to care for Patrick, a spirited 15-year-old, and is forced to deal with a past that separated him from his wife Randi (Michelle Williams) and the community where he was born and raised.   Bonded by the man who held their family together, Lee and Patrick struggle to adjust to a world without him.",53
Lady Bird,Movie,Excellent,2017,Greta Gerwig,"November 3, 2017",Comedy,"['Andy Buckley', 'Beanie Feldstein', 'Danielle Macdonald', 'Jake McDorman', 'Jordan Rodrigues', 'Kathryn Newton', 'Kristen Cloke', 'Laura Marano', 'Laurie Metcalf', 'Lois Smith', 'Lucas Hedges', 'Odeya Rush', 'Saoirse Ronan', 'Stephen Henderson', 'Timothée Chalamet', 'Tracy Letts']",R,94 min,"Christine ""Lady Bird"" McPherson (Saoirse Ronan) fights against but is exactly like her wildly loving, deeply opinionated and strong-willed mom (Laurie Metcalf), a nurse working tirelessly to keep her family afloat after Lady Bird's father (Tracy Letts) loses his job. Set in Sacramento, California in 2002, amidst a rapidly shifting American economic landscape, Lady Bird is an affecting look at the relationships that shape us, the beliefs that define us, and the unmatched beauty of a place called home. [A24]",52
Swiss Army Man,Movie,Mediocre,2016,Dan Kwan/Daniel Scheinert,"June 24, 2016",Musical,"['Daniel Radcliffe', 'Paul Dano']",R,97 min,,36
In Bruges,Movie,Mediocre,2008,Martin McDonagh,"February 8, 2008",Crime,"['Brendan Gleeson', 'Colin Farrell']",R,107 min,"Very much out of place amidst the gothic architecture, canals, and cobbled streets, the two hit men fill their days living the lives of tourists. Ray, still haunted by the bloodshed in London, hates the place, while Ken, even as he keeps a fatherly eye on Ray's often profanely funny exploits, finds his mind and soul being expanded by the beauty and serenity of the city. But the longer they stay waiting for Harry's call, the more surreal their experience becomes, as they find themselves in weird encounters with locals, tourists, violent medieval art, a dwarf American actor shooting a European art film, Dutch prostitutes, and a potential romance for Ray in the form of Chloe, who may have some dark secrets of her own.  And when the call from Harry does finally come, Ken and Ray's vacation becomes a life-and-death struggle of darkly comic proportions and surprisingly emotional consequences. [Focus Features]",34
The Royal Tenenbaums,Movie,Good,2001,Wes Anderson,"December 14, 2001",Comedy,"['Gene Hackman', 'Gwyneth Paltrow']",R,110 min,"Royal Tenenbaum (Gene Hackman) and his wife, Etheline (Anjelica Huston), had three children—Chas, Margot, and Richie—and then they separated. Chas (Ben Stiller) started buying real estate in his early teens and seemed to have an almost preternatural understanding of international finance. Margot (Gwyneth Paltrow) was a playwright and received a Braverman Grant of $50,000 in the ninth grade. Richie (Luke Wilson) was a junior champion tennis player and won the U.S. Nationals three years in a row. Virtually all memory of the brilliance of the young Tenenbaums was subsequently erased by two decades of betrayal, failure, and disaster. [Touchstone Pictures]]",34
The Squid and the Whale,Movie,Good,2005,Noah Baumbach,"October 5, 2005",Comedy,[],R,81 min,,37
Garden State,Movie,Mediocre,2004,Zach Braff,"July 28, 2004",Romance,"['Natalie Portman', 'Peter Sarsgaard', 'Zach Braff']",TV-MA,102 min,"Andrew Largeman (Braff) shuffled through life in a lithium-induced coma until his mother's death inspired a vacation from the pills to see what might happen. When he travels from L.A. back to his hometown, he meets Sam (Portman), a girl who is everything he isn't. Her warmth and fearlessness give him the courage to open his heart to the joy and pain of the infinite abyss that is life.  (Fox Searchlight Pictures)",37
Lost in Translation,Movie,Excellent,2003,Sofia Coppola,"September 12, 2003",Romance,"['Bill Murray', 'Giovanni Ribisi', 'Scarlett Johansson']",R,102 min,"Unable to sleep, Bob (Murray) and Charlotte (Johansson), two Americans in Tokyo, cross paths one night in the luxury hotel bar. This chance meeting soon becomes a surprising friendship. Charlotte and Bob venture through Tokyo, having often hilarious encounters with its citizens, and ultimately discover a new belief in life's possibilities. (Focus Features)",44
Her,Movie,Excellent,2013,Spike Jonze,"December 18, 2013",Romance,"['Amy Adams', 'Chris Pratt', 'Joaquin Phoenix', 'Olivia Wilde', 'Rooney Mara', 'Samantha Morton', 'Scarlett Johansson']",R,126 min,"Set in the Los Angeles of the slight future, Her follows Theodore Twombly, a complex, soulful man who makes his living writing touching, personal letters for other people. Heartbroken after the end of a long relationship, he becomes intrigued with a new, advanced operating system, which promises to be an intuitive entity in its own right, individual to each user. Upon initiating it, he is delighted to meet ""Samantha,"" a bright, female voice, who is insightful, sensitive and surprisingly funny. As her needs and desires grow, in tandem with his own, their friendship deepens into an eventual love for each other. [Warner Bros.]",47
Eternal Sunshine of the Spotless Mind,Movie,Good,2004,Michel Gondry,"March 19, 2004",Romance,"['Jim Carrey', 'Kate Winslet', 'Tom Wilkinson']",R,108 min,"Joel (Carrey) is stunned to discover that his girlfriend Clementine (Winslet) has had her memories of their tumultuous relationship erased.  Out of desperation, he contacts the inventor of the process, Dr. Howard Mierzwiak (Wilkinson), to have Clementine removed from his own memory.  But as Joel's memories progressively disappear, he begins to rediscover his love for Clementine.  (Focus Features)",41
Napoleon Dynamite,Movie,Mediocre,2004,Jared Hess,"June 11, 2004",Comedy,"['Efren Ramírez', 'Jon Gries', 'Jon Heder']",PG,82 min,,36
Call Me by Your Name,Movie,Excellent,2017,Luca Guadagnino,"November 24, 2017",Romance,"['Amira Casar', 'Antonio Rimoldi', 'Armie Hammer', 'Elena Bucci', 'Esther Garrel', 'Marco Sgrosso', 'Michael Stuhlbarg', 'Timothée Chalamet', 'Vanda Capriolo', 'Victoire Du Bois']",R,132 min,"It’s the summer of 1983 in the north of Italy, and Elio Perlman (Timothée Chalamet), a precocious 17- year-old American-Italian, spends his days in his family’s 17th century villa transcribing and playing classical music, reading, and flirting with his friend Marzia (Esther Garrel). Elio enjoys a close relationship with his father (Michael Stuhlbarg), an eminent professor specializing in Greco-Roman culture, and his mother Annella (Amira Casar), a translator, who favor him with the fruits of high culture in a setting that overflows with natural delights. While Elio’s sophistication and intellectual gifts suggest he is already a fully-fledged adult, there is much that yet remains innocent and unformed about him, particularly about matters of the heart. One day, Oliver (Armie Hammer), a charming American scholar working on his doctorate, arrives as the annual summer intern tasked with helping Elio’s father. Amid the sun-drenched splendor of the setting, Elio and Oliver discover the heady beauty of awakening desire over the course of a summer that will alter their lives forever.",53
The Darjeeling Limited,Movie,Mediocre,2007,Wes Anderson,"September 29, 2007",Comedy,"['Adrien Brody', 'Jason Schwartzman', 'Owen Wilson']",R,91 min,"Three American brothers who have not spoken to each other in a year set off on a train voyage across India with a plan to find themselves and bond with each other -- to become brothers again like they used to be. Their ""spiritual quest"", however, veers rapidly off-course (due to events involving over-the-counter pain killers, Indian cough syrup, and pepper spray), and they eventually find themselves stranded alone in the middle of the desert with eleven suitcases, a printer, and a laminating machine. At this moment, a new, unplanned journey suddenly begins.  (Fox Searchlight)",35
The Grand Budapest Hotel,Movie,Good,2014,Wes Anderson,"March 7, 2014",Comedy,"['Adrien Brody', 'Bill Murray', 'Edward Norton', 'F. Murray Abraham', 'Harvey Keitel', 'Jeff Goldblum', 'Jude Law', 'Léa Seydoux', 'Mathieu Amalric', 'Ralph Fiennes', 'Saoirse Ronan', 'Willem Dafoe']",R,100 min,"The Grand Budapest Hotel recounts the adventures of M. Gustave, a legendary concierge at a famous European hotel between the wars, and Zero Moustafa, the lobby boy who becomes his most trusted friend. The story involves the theft and recovery of a priceless Renaissance painting and the battle for an enormous family fortune—all against the back-drop of a suddenly and dramatically changing continent. [Fox Searchlight]",48
The Big Sick,Movie,Good,2017,Michael Showalter,"June 23, 2017",Romance,"['Adeel Akhtar', 'Aidy Bryant', 'Anupam Kher', 'Bo Burnham', 'Holly Hunter', 'Kumail Nanjiani', 'Kurt Braunohler', 'Ray Romano', 'Zenobia Shroff', 'Zoe Kazan']",R,120 min,"Based on the real-life courtship between Kumail Nanjiani and Emily V. Gordon, The Big Sick tells the story of Pakistan-born aspiring comedian Kumail (Nanjiani), who connects with grad student Emily (Zoe Kazan) after one of his standup sets. However, what they thought would be just a one-night stand blossoms into the real thing, which complicates the life that is expected of Kumail by his traditional Muslim parents. When Emily is beset with a mystery illness, it forces Kumail to navigate the medical crisis with her parents, Beth and Terry (Holly Hunter and Ray Romano) who he's never met, while dealing with the emotional tug-of-war between his family and his heart.",47
The Handmaiden,Movie,Good,2016,Chan-wook Park,"October 21, 2016",Romance,"['Hae-suk Kim', 'Jin-woong Jo', 'Jung-woo Ha', 'Min-hee Kim', 'So-ri Moon', 'Tae Ri Kim']",Not Rated,144 min,"1930s Korea, in the period of Japanese occupation, a new girl (Kim Tae-ri) is hired as a handmaiden to a Japanese heiress (Kim Min-hee) who lives a secluded life on a large countryside estate with her domineering Uncle (Jo Jin-woong). But the maid has a secret. She is a pickpocket recruited by a swindler posing as a Japanese Count (Ha Jung-woo) to help him seduce the Lady to elope with him, rob her of her fortune, and lock her up in a madhouse. The plan seems to proceed according to plan until Sookee and Hideko discover some unexpected emotions.",40
Drive,Movie,Good,2011,Nicolas Winding Refn,"September 16, 2011",Drama,"['Bryan Cranston', 'Carey Mulligan', 'Ryan Gosling']",R,100 min,"Drive is the story of a Hollywood stunt driver by day, a loner by nature, who moonlights as a top-notch getaway driver-for-hire in the criminal underworld. He finds himself a target for some of LA's most dangerous men after agreeing to aid the husband of his beautiful neighbor, Irene. When the job goes dangerously awry, the only way he can keep Irene and her son alive is to do what he does best—Drive! [FilmDistrict]",43
Good Time,Movie,Good,2017,Ben Safdie/Joshua Safdie,"August 11, 2017",Crime,"['Barkhad Abdi', 'Ben Safdie', 'Buddy Duress', 'Gladys Mathon', 'Jennifer Jason Leigh', 'Luke Eberl', 'Mahadeo Shivraj', 'Marcos A. Gonzalez', 'Necro', 'Peter Verby', 'Robert Pattinson', 'Ron Braunstein', 'Rose Gregorio', 'Saida Mansoor', 'Souleymane Sy Savane', 'Taliah Webster']",Not Rated,101 min,"After a botched bank robbery lands his younger brother in prison, Constantine Nikas (Robert Pattinson) embarks on a twisted odyssey through the city’s underworld in an increasingly desperate—and dangerous—attempt to get his brother out of jail. Over the course of one adrenalized night, Constantine finds himself on a mad descent into violence and mayhem as he races against the clock to save his brother and himself, knowing their lives hang in the balance.",41
Eighth Grade,Movie,Good,2018,Bo Burnham,"July 13, 2018",Comedy,"['Catherine Oliviere', 'Daniel Zolghadri', 'Deborah Unger', 'Elsie Fisher', 'Emily Robinson', 'Frank Deal', 'Fred Hechinger', 'Gerald W. Jones', 'Greg Crowe', 'Imani Lewis', 'Jake Ryan', 'Josh Hamilton', 'Josh Hamilton', 'Luke Prael', 'Marguerite Stimpson', 'Missy Yager', 'Natalie Carter', 'Nora Mullins']",R,93 min,,49
Me and Earl and the Dying Girl,Movie,Good,2015,Alfonso Gomez-Rejon,"June 12, 2015",Comedy,"['Olivia Cooke', 'RJ Cyler', 'Thomas Mann']",PG-13,105 min,"Greg (Thomas Mann), a high school senior who is trying to blend in anonymously, avoids deeper relationships as a survival strategy for navigating the social minefield that is teenage life.  He even describes his constant companion Earl (RJ Cyler), with whom he makes short film parodies of classic movies, as more of a ‘co-worker’ than a best friend. But when Greg’s mom (Connie Britton) insists he spend time with Rachel (Olivia Cooke) – a girl in his class who has just been diagnosed with cancer – he slowly discovers how worthwhile the true bonds of friendship can be. [Fox Searchlight]",40
The Spectacular Now,Movie,Good,2013,James Ponsoldt,"August 2, 2013",Romance,"['Andre Royo', 'Bob Odenkirk', 'Brie Larson', 'Jennifer Jason Leigh', 'Kyle Chandler', 'Mary Elizabeth Winstead', 'Miles Teller', 'Shailene Woodley']",R,95 min,,42
Safety Not Guaranteed,Movie,Good,2012,Colin Trevorrow,"June 8, 2012",Comedy,"['Aubrey Plaza', 'Jake M. Johnson', 'Jenica Bergere', 'Karan Soni', 'Mark Duplass']",R,86 min,"When an unusual classified ad inspires three cynical Seattle magazine employees to look for the story behind it, they discover a mysterious eccentric named Kenneth, a likable but paranoid supermarket clerk, who believes he¹s solved the riddle of time travel and intends to depart again soon. Together, they embark on a hilarious, smart, and unexpectedly heartfelt journey that reveals how far believing can take you. (FilmDistrict)",31
Like Crazy,Movie,Mediocre,2011,Drake Doremus,"October 28, 2011",Romance,[],PG-13,90 min,"A love story is both a physical and emotional tale, one that can be deeply personal and heartbreaking for an audience to experience. Director Drake Doremus' film Like Crazy beautifully illustrates how your first real love is as thrilling and blissful as it is devastating. When a British college student falls for her American classmate they embark on a passionate and life-changing journey only to be separated when she violates the terms of her visa.Like Crazy explores how a couple faces the real challenges of being together and of being apart. Winner of the Grand Jury Prize for Best Picture at the 2011 Sundance Film Festival and of the Special Jury Prize for Best Actress for Felicity Jones, Like Crazy depicts both the hopefulness and the heartbreak of love. [Paramount Vantage]",38
The Art of Getting By,Movie,Bad,2011,Gavin Wiesen,"June 17, 2011",Romance,"['Emma Roberts', 'Freddie Highmore', 'Michael Angarano']",PG-13,84 min,,28
The End of the Tour,Movie,Good,2015,James Ponsoldt,"July 31, 2015",Drama,"['Anna Chlumsky', 'Jason Segel', 'Jesse Eisenberg', 'Joan Cusack', 'Mamie Gummer', 'Mickey Sumner', 'Ron Livingston']",R,106 min,"The End of the Tour tells the story of the five-day interview between Rolling Stone reporter (and novelist) David Lipsky (Jesse Eisenberg) and acclaimed novelist David Foster Wallace (Jason Segel), which took place right after the 1996 publication of Wallace’s groundbreaking epic novel, Infinite Jest. As the days go on, a tenuous yet intense relationship seems to develop between journalist and subject. The two men bob and weave around each other, sharing laughs and also possibly revealing hidden frailties – but it’s never clear how truthful they are being with each other. Ironically, the interview was never published, and five days of audio tapes were packed away in Lipsky’s closet. The two men did not meet again. The film is based on Lipsky’s critically acclaimed memoir about this unforgettable encounter, written following Wallace’s 2008 suicide. [A24]",35
